Workbook
Name ACTION: #REF!

Sheet Guideline
A1: Guideline to make and understand Unit Test Case
A3: 1. Overview
A4: - In the template, Unit test cases are based on functions. Each sheet presents test cases for one function.
A5: - Cover: General information of the project and Unit Test cases
A6: - FunctionList: The list of Classes and Functions in the document. + To control that the number of Unit TC meets customer's requirement or the norm, user should fill value for 'Normal number of Test cases/KLOC'.
A7: + Click on Function link to open the related Test cases of the function. Note: You should create new Function sheet before creating the link
A8: - Test Report: provive the overview results of Functions Unit test: Test coverage, Test successful coverage (Summary, for normal/abnormal/boundary cases)
A9: Note: Should check the formula of "Sub Total" if you add more functions
A11: 2. Content in Test function sheet
A12: 2.1 Combination of test cases.
A13: - To verify that number of Unit TC meets customer's requirement or not. User has to fill number LOC of tested function and fill value of 'Normal number test cases/KLOC' item in FunctionList sheet, which is required by customer or normal value. The number of lacked TC is shown in 'Lack of test cases' item.
A14: - If the number of Unit TC does not meet the requirement, creator should explain the reasons.
... A46: - Test requirement: Brief description about requirements which are tested in this function, it is not mandatory.

Sheet Cover
B2: UNIT TEST DOCUMENT
A4: Project Name | B4: Clawbot | E4: Creator | F4: <Creator>
A5: Project Code | B5: CLAWBOT | E5: Issue Date | F5: 46244.708
A6: Document Code | B6: =B5&"_"&"XXX"&"_"&"vx.x" -> CLAWBOT_XXX_vx.x | E6: Version | F6: v1.0
A9: Record of change
A10: Effective Date | B10: Version | C10: Change Item | D10: *A,D,M | E10: Change description | F10: Reference
A11: 46244.708 | B11: v1.0 | C11: Unit Test Report | D11: A | E11: Initial version

Sheet MethodList
C2: Method List
A4: Project Name | C4: =Cover!B4 -> Clawbot
A5: Project Code | C5: =Cover!B5 -> CLAWBOT
A6: Test Environment Setup Description | C6: 1. Windows 11 + .NET 8 SDK 2. SQL Server 2022 (Docker :1433) 3. Redis 7 (Docker :6379) 4. xUnit + FluentAssertions 5. Moq (DNS stub via LlmBaseUrlGuard.ResolveHostAddresses test seam)
A8: No | B8: Module Name | C8: Method Name | D8: Sheet Name | E8: Description | F8: Pre-Condition
A9: 1 | B9: Clawbot.Agents.Core.Chat | C9: LlmBaseUrlGuard.IsAllowedBaseUrl | D9: IsAllowedBaseUrl | E9: Validate a base URL before an outbound HttpClient is created for an LLM provider | F9: The DNS test seam (LlmBaseUrlGuard.ResolveHostAddresses) is replaced with a stub in test setup
A10: 2 | B10: Clawbot.Infrastructure.Security | C10: AesEncryptor.ParseKey (constructor validation) | D10: NormalizeApiKey | E10: Validate the Encryption:Base64Key option when AesEncryptor is constructed via DI | F10: AesEncryptor is constructed directly using OptionsWrapper<EncryptionOptions>
A11: 3 | B11: Clawbot.Agents.Core.Content | C11: ContentLint.Check | D11: ContentLintCheck | E11: Static content lint that runs before the LLM reviewer gate | F11: No external dependencies; pure function
A12: 4 | B12: Clawbot.Domain.ChatScenarios | C12: ChatScenarioMatcher.Match | D12: ScenarioMatcher | E12: Pure scenario selector used by the auto-reply pipeline to pick the correct response template | F12: No external dependencies; pure function with in-memory candidate list
A13: 5 | B13: Clawbot.SharedKernel.Content | C13: DefaultGoldenHourResolver.ResolveNext | D13: GoldenHourResolve | E13: Calculates the next optimal posting time per platform for the content scheduler | F13: No external dependencies; pure function
A14: 6 | B14: Clawbot.Agents.Core.Orchestrator | C14: RecurrenceCalculator.NextRunUtc + WindowKey | D14: RecurrenceCalc | E14: Recurrence engine used by AgentSchedules to compute the next run time and deduplicate runs within a window | F14: Timezone ID must be a valid IANA/Windows timezone (e.g. SE Asia Standard Time)
A15: 7 | B15: Clawbot.Domain.KnowledgeBase | C15: KbSuggestion.IsAutoApprovable + Approve | D15: KbSuggestionApprove | E15: Domain aggregate methods controlling the KB suggestion lifecycle | F15: KbSuggestion instance built via KbSuggestion.Create with valid parameters
A16: 8 | B16: Clawbot.Domain.Conversations | C16: Conversation.TryResumeAiAutoReply + PauseAiAutoReplyUntil | D16: ConversationResume | E16: AI auto-reply state machine on the Conversation aggregate | F16: Conversation instance is in a valid state (not resolved/deleted)

Sheet Statistics
A2: UNIT TEST REPORT
A4: Project Name | B4: =Cover!B4 -> Clawbot | D4: Creator | F4: <Creator>
A5: Project Code | B5: =Cover!B5 -> CLAWBOT | D5: Reviewer/Approver | F5: <Reviewer/Approver>
A6: Document Code | B6: =B5&"_"&"Test Report"&"_"&"vx.x" -> CLAWBOT_Test Report_vx.x | D6: Issue Date | F6: 46244.708
A7: Notes | B7: Clawbot.Agents.Core.Chat, Clawbot.Agents.Core.Content, Clawbot.Domain.ChatScenarios, Clawbot.SharedKernel.Content, Clawbot.Agents.Core.Orchestrator, Clawbot.Domain.KnowledgeBase, Clawbot.Domain.Conversations, Clawbot.Infrastructure.Security
A11: No | B11: Function code | C11: Passed | D11: Failed | E11: Untested | F11: N | G11: A | H11: B | I11: Total Test Cases
A12: 1 | B12: LlmBaseUrlGuard.IsAllowedBaseUrl | C12: =IsAllowedBaseUrl!A5 -> 14 | D12: =IsAllowedBaseUrl!C5 -> 0 | E12: =IsAllowedBaseUrl!F5 -> 0 | F12: =IsAllowedBaseUrl!L5 -> 6 | G12: =IsAllowedBaseUrl!M5 -> 7 | H12: =IsAllowedBaseUrl!N5 -> 1 | I12: =IsAllowedBaseUrl!O5 -> 14
A13: 2 | B13: AesEncryptor.ParseKey (constructor validation) | C13: =NormalizeApiKey!A5 -> 6 | D13: =NormalizeApiKey!C5 -> 0 | E13: =NormalizeApiKey!F5 -> 0 | F13: =NormalizeApiKey!L5 -> 3 | G13: =NormalizeApiKey!M5 -> 1 | H13: =NormalizeApiKey!N5 -> 2 | I13: =NormalizeApiKey!O5 -> 6
A14: 3 | B14: ContentLint.Check | C14: =ContentLintCheck!A5 -> 10 | D14: =ContentLintCheck!C5 -> 0 | E14: =ContentLintCheck!F5 -> 0 | F14: =ContentLintCheck!L5 -> 3 | G14: =ContentLintCheck!M5 -> 6 | H14: =ContentLintCheck!N5 -> 1 | I14: =ContentLintCheck!O5 -> 10
A15: 4 | B15: ChatScenarioMatcher.Match | C15: =ScenarioMatcher!A5 -> 9 | D15: =ScenarioMatcher!C5 -> 0 | E15: =ScenarioMatcher!F5 -> 0 | F15: =ScenarioMatcher!L5 -> 3 | G15: =ScenarioMatcher!M5 -> 6 | H15: =ScenarioMatcher!N5 -> 0 | I15: =ScenarioMatcher!O5 -> 9
A16: 5 | B16: DefaultGoldenHourResolver.ResolveNext | C16: =GoldenHourResolve!A5 -> 8 | D16: =GoldenHourResolve!C5 -> 0 | E16: =GoldenHourResolve!F5 -> 0 | F16: =GoldenHourResolve!L5 -> 3 | G16: =GoldenHourResolve!M5 -> 4 | H16: =GoldenHourResolve!N5 -> 1 | I16: =GoldenHourResolve!O5 -> 8
A17: 6 | B17: RecurrenceCalculator.NextRunUtc + WindowKey | C17: =RecurrenceCalc!A5 -> 10 | D17: =RecurrenceCalc!C5 -> 0 | E17: =RecurrenceCalc!F5 -> 0 | F17: =RecurrenceCalc!L5 -> 7 | G17: =RecurrenceCalc!M5 -> 1 | H17: =RecurrenceCalc!N5 -> 2 | I17: =RecurrenceCalc!O5 -> 10
A18: 7 | B18: KbSuggestion.IsAutoApprovable + Approve | C18: =KbSuggestionApprove!A5 -> 8 | D18: =KbSuggestionApprove!C5 -> 0 | E18: =KbSuggestionApprove!F5 -> 0 | F18: =KbSuggestionApprove!L5 -> 1 | G18: =KbSuggestionApprove!M5 -> 6 | H18: =KbSuggestionApprove!N5 -> 1 | I18: =KbSuggestionApprove!O5 -> 8
A19: 8 | B19: Conversation.TryResumeAiAutoReply + PauseAiAutoReplyUntil | C19: =ConversationResume!A5 -> 8 | D19: =ConversationResume!C5 -> 0 | E19: =ConversationResume!F5 -> 0 | F19: =ConversationResume!L5 -> 2 | G19: =ConversationResume!M5 -> 5 | H19: =ConversationResume!N5 -> 1 | I19: =ConversationResume!O5 -> 8
B22: Sub total | C22: =SUM(C12:C19) -> 73 | D22: =SUM(D12:D19) -> 0 | E22: =SUM(E12:E19) -> 0 | F22: =SUM(F12:F19) -> 28 | G22: =SUM(G12:G19) -> 36 | H22: =SUM(H12:H19) -> 9 | I22: =SUM(I12:I19) -> 73
B24: Test coverage | D24: =(C22+D22)*100/(I22) -> 100 | E24: %
B25: Test successful coverage | D25: =C22*100/(I22) -> 100 | E25: %
B26: Normal case | D26: =F22*100/I22 -> 38.356164 | E26: %
B27: Abnormal case | D27: =G22*100/I22 -> 49.315068 | E27: %
B28: Boundary case | D28: =H22*100/I22 -> 12.328767 | E28: %

Sheet IsAllowedBaseUrl
A1: Code Module | C1: Clawbot.Agents.Core.Chat | F1: Method | L1: LlmBaseUrlGuard.IsAllowedBaseUrl
A2: Created By | C2: <Developer Name> | F2: Executed By | L2: <Tester Name>
A3: Test requirement | C3: Guard outbound LLM provider URLs against SSRF: reject non-http/https schemes, embedded credentials, public cleartext HTTP, and private hosts without explicit operator grant. Fail closed when DNS resolves to a mix of public and private addresses or when resolution fails.
A4: Passed | C4: Failed | F4: Untested | L4: N/A/B | O4: Total Test Cases
A5: =COUNTIF(F32:HQ32,"P") -> 14 | C5: =COUNTIF(F32:HQ32,"F") -> 0 | F5: =SUM(O5,- A5,- C5) -> 0 | L5: =COUNTIF(E31:HQ31,"N") -> 6 | M5: =COUNTIF(E31:HQ31,"A") -> 7 | N5: =COUNTIF(E31:HQ31,"B") -> 1 | O5: =COUNTA(E7:HT7) -> 14
F7: UTCID01 | G7: UTCID02 | H7: UTCID03 | I7: UTCID04 | J7: UTCID05 | K7: UTCID06 | L7: UTCID07 | M7: UTCID08 | N7: UTCID09 | O7: UTCID10 | P7: UTCID11 | Q7: UTCID12 | R7: UTCID13 | S7: UTCID14
A8: Condition | B8: baseUrl
D9: "not-a-uri" (malformed, no scheme) | F9: O
D10: "ftp://api.example.com" (unsupported scheme) | G10: O
D11: "https://user:pass@api.example.com" (userInfo present) | H11: O
D12: "http://api.openai.com" (HTTP + public host) | I12: O
D13: "http://10.0.0.5:8080" (HTTP + private RFC-1918 host) | J13: O | K13: O | L13: O
D14: "https://api.openai.com" (HTTPS + public host) | M14: O | N14: O | O14: O | P14: O
D15: "https://localhost:11434" (HTTPS + loopback) | Q15: O | R15: O
D16: "https://10.0.0.5:8080" (HTTPS + private RFC-1918) | S16: O
B17: allowPrivateHosts
D18: false (default) | F18: O | G18: O | H18: O | J18: O | L18: O | M18: O | N18: O | O18: O | P18: O | Q18: O | S18: O
D19: true (operator grant) | I19: O | K19: O | R19: O
B20: allowedPrivateOrigins
D21: empty list | F21: O | G21: O | H21: O | I21: O | J21: O | K21: O | M21: O | N21: O | O21: O | P21: O | Q21: O | R21: O | S21: O
D22: list containing "http://10.0.0.5:8080" | L22: O
B23: DNS stub
D24: returns public IPv4 only (e.g. 1.2.3.4) | F24: O | G24: O | H24: O | I24: O | M24: O
D25: returns private IPv4 only (e.g. 10.0.0.5) | J25: O | K25: O | L25: O | N25: O | Q25: O | R25: O | S25: O
D26: returns mix: one public + one private address | O26: O
D27: throws SocketException (DNS resolution failure) | P27: O
A28: Confirm | B28: Return
D29: true (URL is allowed) | K29: O | L29: O | M29: O | R29: O
D30: false (URL is blocked) | F30: O | G30: O | H30: O | I30: O | J30: O | N30: O | O30: O | P30: O | Q30: O | S30: O
A31: Result | B31: Type(N : Normal, A : Abnormal, B : Boundary) | F31: N | G31: N | H31: A | I31: A | J31: N | K31: A | L31: A | M31: N | N31: A | O31: B | P31: A | Q31: N | R31: A | S31: N
B32: Passed/Failed | F32: P | G32: P | H32: P | I32: P | J32: P | K32: P | L32: P | M32: P | N32: P | O32: P | P32: P | Q32: P | R32: P | S32: P
B33: Executed Date | F33: 46244.708 | G33: 46244.708 | H33: 46244.708 | I33: 46244.708 | J33: 46244.708 | K33: 46244.708 | L33: 46244.708 | M33: 46244.708 | N33: 46244.708 | O33: 46244.708 | P33: 46244.708 | Q33: 46244.708 | R33: 46244.708 | S33: 46244.708
B34: Defect ID

Sheet NormalizeApiKey
A1: Code Module | C1: Clawbot.Infrastructure.Security | F1: Method | L1: AesEncryptor.ParseKey (constructor validation)
A2: Created By | C2: <Developer Name> | F2: Executed By | L2: <Tester Name>
A3: Test requirement | C3: The AesEncryptor constructor must reject missing, malformed, or wrong-length base64 keys with a clear InvalidOperationException before any encryption call can be made.
A4: Passed | C4: Failed | F4: Untested | L4: N/A/B | O4: Total Test Cases
A5: =COUNTIF(F19:HQ19,"P") -> 6 | C5: =COUNTIF(F19:HQ19,"F") -> 0 | F5: =SUM(O5,- A5,- C5) -> 0 | L5: =COUNTIF(E18:HQ18,"N") -> 3 | M5: =COUNTIF(E18:HQ18,"A") -> 1 | N5: =COUNTIF(E18:HQ18,"B") -> 2 | O5: =COUNTA(E7:HT7) -> 6
F7: UTCID01 | G7: UTCID02 | H7: UTCID03 | I7: UTCID04 | J7: UTCID05 | K7: UTCID06
A8: Condition | B8: Base64Key option
D9: null or empty string | F9: O
D10: whitespace-only string | G10: O
D11: valid base64 but decodes to 16 bytes (wrong length) | H11: O
D12: valid base64 but decodes to 64 bytes (wrong length) | I12: O
D13: non-base64 characters (e.g. "!!invalid!!") | J13: O
D14: valid base64 that decodes to exactly 32 bytes | K14: O
A15: Confirm | B15: Outcome
D16: Constructor succeeds; Encrypt returns a non-empty base64 string | K16: O
D17: InvalidOperationException is thrown with a descriptive message | F17: O | G17: O | H17: O | I17: O | J17: O
A18: Result | B18: Type(N : Normal, A : Abnormal, B : Boundary) | F18: N | G18: N | H18: B | I18: B | J18: A | K18: N
B19: Passed/Failed | F19: P | G19: P | H19: P | I19: P | J19: P | K19: P
B20: Executed Date | F20: 46244.708 | G20: 46244.708 | H20: 46244.708 | I20: 46244.708 | J20: 46244.708 | K20: 46244.708
B21: Defect ID

Sheet ContentLintCheck
A1: Code Module | C1: Clawbot.Agents.Core.Content | F1: Method | L1: ContentLint.Check
A2: Created By | C2: <Developer Name> | F2: Executed By | L2: <Tester Name>
A3: Test requirement | C3: Deterministic pre-LLM lint: reject content bodies that contain absolute outcome guarantees, external links or junk encoding characters. Pass empty/whitespace bodies and clean bodies unchanged.
A4: Passed | C4: Failed | F4: Untested | L4: N/A/B | O4: Total Test Cases
A5: =COUNTIF(F28:HQ28,"P") -> 10 | C5: =COUNTIF(F28:HQ28,"F") -> 0 | F5: =SUM(O5,- A5,- C5) -> 0 | L5: =COUNTIF(E27:HQ27,"N") -> 3 | M5: =COUNTIF(E27:HQ27,"A") -> 6 | N5: =COUNTIF(E27:HQ27,"B") -> 1 | O5: =COUNTA(E7:HT7) -> 10
F7: UTCID01 | G7: UTCID02 | H7: UTCID03 | I7: UTCID04 | J7: UTCID05 | K7: UTCID06 | L7: UTCID07 | M7: UTCID08 | N7: UTCID09 | O7: UTCID10
A8: Condition | B8: body
D9: null | F9: O
D10: whitespace-only string | G10: O
D11: clean body text (no violations) | H11: O
D12: body with tab and newline only (allowed control chars) | I12: O
D13: body containing an absolute-guarantee phrase (prohibited commitment) | J13: O
D14: body containing "100% do" (absolute guarantee phrase, uppercase variant) | K14: O
D15: body containing "https://example.com" (external link) | L15: O
D16: body containing "www.example.com" (www link) | M16: O
D17: body containing U+FFFD replacement character (mojibake) | N17: O
D18: body containing C0 control char 0x01 (junk) | O18: O
A19: Confirm | B19: Succeeded
D20: TRUE | F20: O | G20: O | H20: O | I20: O
D21: FALSE | J21: O | K21: O | L21: O | M21: O | N21: O | O21: O
B22: ErrorCode
D23: (empty string) | F23: O | G23: O | H23: O | I23: O
D24: lint_absolute_guarantee | J24: O | K24: O
D25: lint_external_link | L25: O | M25: O
D26: lint_junk_chars | N26: O | O26: O
A27: Result | B27: Type(N : Normal, A : Abnormal, B : Boundary) | F27: N | G27: N | H27: N | I27: B | J27: A | K27: A | L27: A | M27: A | N27: A | O27: A
B28: Passed/Failed | F28: P | G28: P | H28: P | I28: P | J28: P | K28: P | L28: P | M28: P | N28: P | O28: P
B29: Executed Date | F29: 46244.708 | G29: 46244.708 | H29: 46244.708 | I29: 46244.708 | J29: 46244.708 | K29: 46244.708 | L29: 46244.708 | M29: 46244.708 | N29: 46244.708 | O29: 46244.708
B30: Defect ID

Sheet ScenarioMatcher
A1: Code Module | C1: Clawbot.Domain.ChatScenarios | F1: Method | L1: ChatScenarioMatcher.Match
A2: Created By | C2: <Developer Name> | F2: Executed By | L2: <Tester Name>
A3: Test requirement | C3: Return the best-matching ChatScenario for an inbound text. Regex trigger scores 1000 + match.Length; substring scores trigger.Length. Tiebreak: higher SuccessRate then lower Code. Platform CSV filter: empty or 'all' matches any platform.
A4: Passed | C4: Failed | F4: Untested | L4: N/A/B | O4: Total Test Cases
A5: =COUNTIF(F27:HQ27,"P") -> 9 | C5: =COUNTIF(F27:HQ27,"F") -> 0 | F5: =SUM(O5,- A5,- C5) -> 0 | L5: =COUNTIF(E26:HQ26,"N") -> 3 | M5: =COUNTIF(E26:HQ26,"A") -> 6 | N5: =COUNTIF(E26:HQ26,"B") -> 0 | O5: =COUNTA(E7:HT7) -> 9
F7: UTCID01 | G7: UTCID02 | H7: UTCID03 | I7: UTCID04 | J7: UTCID05 | K7: UTCID06 | L7: UTCID07 | M7: UTCID08 | N7: UTCID09
A8: Condition | B8: text
D9: null or empty string | F9: O
D10: text matching one scenario via regex | G10: O | H10: O | L10: O | M10: O | N10: O
D11: text matching two scenarios; one has longer regex match (more specific) | I11: O
D12: text matching two scenarios; equal score; one has higher SuccessRate | J12: O
D13: text matching two scenarios; equal score and rate; one has lower Code (ordinal) | K13: O
B14: candidates
D15: empty list | G15: O
D16: single scenario, no platform filter (platforms empty) | F16: O | H16: O | I16: O | J16: O | K16: O
D17: scenarios with platform = "facebook" | L17: O | M17: O
D18: scenarios with platform = "all" | N18: O
B19: platform arg
D20: null | F20: O | G20: O | H20: O | I20: O | J20: O | K20: O
D21: "facebook" | L21: O
D22: "zalo" | M22: O | N22: O
A23: Confirm | B23: Return
D24: null (no match) | F24: O | G24: O | M24: O
D25: the expected scenario | H25: O | I25: O | J25: O | K25: O | L25: O | N25: O
A26: Result | B26: Type(N : Normal, A : Abnormal, B : Boundary) | F26: N | G26: N | H26: N | I26: A | J26: A | K26: A | L26: A | M26: A | N26: A
B27: Passed/Failed | F27: P | G27: P | H27: P | I27: P | J27: P | K27: P | L27: P | M27: P | N27: P
B28: Executed Date | F28: 46244.708 | G28: 46244.708 | H28: 46244.708 | I28: 46244.708 | J28: 46244.708 | K28: 46244.708 | L28: 46244.708 | M28: 46244.708 | N28: 46244.708
B29: Defect ID

Sheet GoldenHourResolve
A1: Code Module | C1: Clawbot.SharedKernel.Content | F1: Method | L1: DefaultGoldenHourResolver.ResolveNext
A2: Created By | C2: <Developer Name> | F2: Executed By | L2: <Tester Name>
A3: Test requirement | C3: Return the next golden-hour slot in UTC+7 for a given platform. Known platforms: facebook=20:30, tiktok=20:00, instagram=19:30, youtube=18:00, zalo=08:00. Unknown platform defaults to 19:00. If the candidate slot has already passed today, return the same slot tomorrow.
A4: Passed | C4: Failed | F4: Untested | L4: N/A/B | O4: Total Test Cases
A5: =COUNTIF(F24:HQ24,"P") -> 8 | C5: =COUNTIF(F24:HQ24,"F") -> 0 | F5: =SUM(O5,- A5,- C5) -> 0 | L5: =COUNTIF(E23:HQ23,"N") -> 3 | M5: =COUNTIF(E23:HQ23,"A") -> 4 | N5: =COUNTIF(E23:HQ23,"B") -> 1 | O5: =COUNTA(E7:HT7) -> 8
F7: UTCID01 | G7: UTCID02 | H7: UTCID03 | I7: UTCID04 | J7: UTCID05 | K7: UTCID06 | L7: UTCID07 | M7: UTCID08
A8: Condition | B8: platform
D9: "facebook" | F9: O | G9: O | H9: O
D10: "tiktok" | I10: O
D11: "instagram" | M11: O
D12: "youtube"
D13: "zalo" | J13: O
D14: "unknown_platform" (not in the map) | K14: O
D15: "FACEBOOK" (uppercase — case-insensitive check) | L15: O
B16: utcNow (Vietnam time context)
D17: before the platform golden hour today (e.g. 10:00 VN for facebook 20:30) | F17: O | I17: O | J17: O | K17: O | L17: O
D18: after the platform golden hour today (e.g. 21:00 VN for facebook 20:30) | G18: O | M18: O
D19: exactly at the platform golden hour (boundary) | H19: O
A20: Confirm | B20: Return
D21: today's golden hour in UTC+7 (converted to UTC) | F21: O | I21: O | J21: O | K21: O | L21: O
D22: tomorrow's golden hour in UTC+7 (converted to UTC) | G22: O | H22: O | M22: O
A23: Result | B23: Type(N : Normal, A : Abnormal, B : Boundary) | F23: N | G23: A | H23: B | I23: N | J23: N | K23: A | L23: A | M23: A
B24: Passed/Failed | F24: P | G24: P | H24: P | I24: P | J24: P | K24: P | L24: P | M24: P
B25: Executed Date | F25: 46244.708 | G25: 46244.708 | H25: 46244.708 | I25: 46244.708 | J25: 46244.708 | K25: 46244.708 | L25: 46244.708 | M25: 46244.708
B26: Defect ID

Sheet RecurrenceCalc
A1: Code Module | C1: Clawbot.Agents.Core.Orchestrator | F1: Method | L1: RecurrenceCalculator.NextRunUtc + WindowKey
A2: Created By | C2: <Developer Name> | F2: Executed By | L2: <Tester Name>
A3: Test requirement | C3: NextRunUtc advances a UTC timestamp by one cadence unit in the given timezone. WindowKey returns a deterministic string key for the cadence window (e.g. weekly:2026-W33, quarterly:2026-Q3). Month-end dates are clamped to the last valid day of the target month.
A4: Passed | C4: Failed | F4: Untested | L4: N/A/B | O4: Total Test Cases
A5: =COUNTIF(F30:HQ30,"P") -> 10 | C5: =COUNTIF(F30:HQ30,"F") -> 0 | F5: =SUM(O5,- A5,- C5) -> 0 | L5: =COUNTIF(E29:HQ29,"N") -> 7 | M5: =COUNTIF(E29:HQ29,"A") -> 1 | N5: =COUNTIF(E29:HQ29,"B") -> 2 | O5: =COUNTA(E7:HT7) -> 10
F7: UTCID01 | G7: UTCID02 | H7: UTCID03 | I7: UTCID04 | J7: UTCID05 | K7: UTCID06 | L7: UTCID07 | M7: UTCID08 | N7: UTCID09 | O7: UTCID10
A8: Condition | B8: method
D9: NextRunUtc | F9: O | G9: O | H9: O | I9: O | J9: O | K9: O | L9: O
D10: WindowKey | M10: O | N10: O | O10: O
B11: cadence
D12: "daily" | F12: O | O12: O
D13: "weekly" | G13: O | M13: O
D14: "monthly" | H14: O | J14: O
D15: "quarterly" | I15: O | K15: O | N15: O
D16: "biennial" (unsupported) | L16: O
B17: fromUtc / dueAtUtc
D18: normal date (e.g. 2026-08-11 10:00 UTC) | F18: O | G18: O | H18: O | I18: O | L18: O | M18: O | N18: O | O18: O
D19: Jan 31 (month end, +1 month → Feb should clamp to Feb 28) | J19: O
D20: last day of a quarter (e.g. Sep 30 for Q3) | K20: O
A21: Confirm | B21: Return
D22: next daily timestamp (+1 day) | F22: O
D23: next weekly timestamp (+7 days) | G23: O
D24: next monthly timestamp (+1 month, clamped) | H24: O | J24: O
D25: next quarterly timestamp (+3 months, clamped) | I25: O | K25: O
D26: window key string matching expected format | M26: O | N26: O | O26: O
B27: Exception
D28: ArgumentOutOfRangeException | L28: O
A29: Result | B29: Type(N : Normal, A : Abnormal, B : Boundary) | F29: N | G29: N | H29: N | I29: N | J29: B | K29: B | L29: A | M29: N | N29: N | O29: N
B30: Passed/Failed | F30: P | G30: P | H30: P | I30: P | J30: P | K30: P | L30: P | M30: P | N30: P | O30: P
B31: Executed Date | F31: 46244.708 | G31: 46244.708 | H31: 46244.708 | I31: 46244.708 | J31: 46244.708 | K31: 46244.708 | L31: 46244.708 | M31: 46244.708 | N31: 46244.708 | O31: 46244.708
B32: Defect ID

Sheet KbSuggestionApprove
A1: Code Module | C1: Clawbot.Domain.KnowledgeBase | F1: Method | L1: KbSuggestion.IsAutoApprovable + Approve
A2: Created By | C2: <Developer Name> | F2: Executed By | L2: <Tester Name>
A3: Test requirement | C3: IsAutoApprovable returns true only when: Status=pending, Verdict=approve, both accuracy values present, accuracy_after >= accuracy_before. Approve(auto) requires IsAutoApprovable=true and no decidedBy. Approve(human) requires a decidedBy userId. Reject requires a non-empty reason string.
A4: Passed | C4: Failed | F4: Untested | L4: N/A/B | O4: Total Test Cases
A5: =COUNTIF(F31:HQ31,"P") -> 8 | C5: =COUNTIF(F31:HQ31,"F") -> 0 | F5: =SUM(O5,- A5,- C5) -> 0 | L5: =COUNTIF(E30:HQ30,"N") -> 1 | M5: =COUNTIF(E30:HQ30,"A") -> 6 | N5: =COUNTIF(E30:HQ30,"B") -> 1 | O5: =COUNTA(E7:HT7) -> 8
F7: UTCID01 | G7: UTCID02 | H7: UTCID03 | I7: UTCID04 | J7: UTCID05 | K7: UTCID06 | L7: UTCID07 | M7: UTCID08
A8: Condition | B8: Status
D9: pending | F9: O | G9: O | H9: O | I9: O | J9: O | L9: O
D10: approved (already processed) | K10: O
D11: rejected (already processed) | M11: O
B12: Verdict
D13: approve | F13: O | G13: O | H13: O | I13: O | K13: O | L13: O | M13: O
D14: reject | J14: O
B15: accuracy_after vs accuracy_before
D16: after > before (improved) | F16: O | J16: O | K16: O | L16: O | M16: O
D17: after == before (unchanged) | G17: O
D18: after < before (degraded) | H18: O
D19: either value is null | I19: O
B20: decidedBy
D21: null (auto path) | F21: O | G21: O | H21: O | I21: O | J21: O | K21: O | M21: O
D22: valid userId (human path) | L22: O
A23: Confirm | B23: IsAutoApprovable
D24: TRUE | F24: O | G24: O | L24: O
D25: FALSE | H25: O | I25: O | J25: O | K25: O | M25: O
B26: Approve outcome
D27: auto-approved (ApprovalMode=automatic) | F27: O | G27: O
D28: human-approved (ApprovalMode=human) | L28: O
D29: InvalidOperationException | K29: O | M29: O
A30: Result | B30: Type(N : Normal, A : Abnormal, B : Boundary) | F30: N | G30: B | H30: A | I30: A | J30: A | K30: A | L30: A | M30: A
B31: Passed/Failed | F31: P | G31: P | H31: P | I31: P | J31: P | K31: P | L31: P | M31: P
B32: Executed Date | F32: 46244.708 | G32: 46244.708 | H32: 46244.708 | I32: 46244.708 | J32: 46244.708 | K32: 46244.708 | L32: 46244.708 | M32: 46244.708
B33: Defect ID

Sheet ConversationResume
A1: Code Module | C1: Clawbot.Domain.Conversations | F1: Method | L1: Conversation.TryResumeAiAutoReply + PauseAiAutoReplyUntil
A2: Created By | C2: <Developer Name> | F2: Executed By | L2: <Tester Name>
A3: Test requirement | C3: PauseAiAutoReplyUntil sets enabled=false and records resumeAt. TryResumeAiAutoReply returns true and clears resumeAt only when enabled=false AND resumeAt <= now. SetAiAutoReply(false) is a permanent toggle (clears resumeAt). Escalate sets enabled=false with resumeAt=null permanently.
A4: Passed | C4: Failed | F4: Untested | L4: N/A/B | O4: Total Test Cases
A5: =COUNTIF(F26:HQ26,"P") -> 8 | C5: =COUNTIF(F26:HQ26,"F") -> 0 | F5: =SUM(O5,- A5,- C5) -> 0 | L5: =COUNTIF(E25:HQ25,"N") -> 2 | M5: =COUNTIF(E25:HQ25,"A") -> 5 | N5: =COUNTIF(E25:HQ25,"B") -> 1 | O5: =COUNTA(E7:HT7) -> 8
F7: UTCID01 | G7: UTCID02 | H7: UTCID03 | I7: UTCID04 | J7: UTCID05 | K7: UTCID06 | L7: UTCID07 | M7: UTCID08
A8: Condition | B8: method called
D9: PauseAiAutoReplyUntil(resumeAt) | F9: O
D10: TryResumeAiAutoReply(now) | G10: O | H10: O | I10: O | J10: O
D11: SetAiAutoReply(false) | K11: O
D12: Escalate() | L12: O | M12: O
B13: enabled state before call
D14: TRUE | F14: O | I14: O | J14: O | K14: O | L14: O | M14: O
D15: FALSE | G15: O | H15: O
B16: resumeAt vs now
D17: resumeAt <= now (window elapsed) | G17: O | K17: O | L17: O
D18: resumeAt > now (still in window) | H18: O | I18: O
D19: resumeAt is null | F19: O | J19: O | M19: O
A20: Confirm | B20: Return / side-effect
D21: TryResume returns true; enabled=true; resumeAt=null | G21: O
D22: TryResume returns false; state unchanged | H22: O | I22: O | J22: O
D23: enabled=false; resumeAt set to the given future time | F23: O
D24: enabled=false; resumeAt=null (permanent disable) | K24: O | L24: O | M24: O
A25: Result | B25: Type(N : Normal, A : Abnormal, B : Boundary) | F25: N | G25: N | H25: A | I25: A | J25: B | K25: A | L25: A | M25: A
B26: Passed/Failed | F26: P | G26: P | H26: P | I26: P | J26: P | K26: P | L26: P | M26: P
B27: Executed Date | F27: 46244.708 | G27: 46244.708 | H27: 46244.708 | I27: 46244.708 | J27: 46244.708 | K27: 46244.708 | L27: 46244.708 | M27: 46244.708
B28: Defect ID
