Workbook
Name ACTION: #REF!
Name ACTION: #REF!

Sheet Cover
B2: TEST REPORT DOCUMENT
A4: Project Name | B4: Clawbot | E4: Creator | F4: <Creator>
A5: Project Code | B5: CLAWBOT | E5: Issue Date | F5: 46244.708
A6: Document Code | B6: =B5&"_"&"XXX"&"_"&"vx.x" -> CLAWBOT_XXX_vx.x | E6: Version | F6: 1
A9: Record of change
A10: Effective Date | B10: Version | C10: Change Item | D10: *A,D,M | E10: Change description | F10: Reference
A11: 46244.708 | B11: 1.0 | C11: All modules | D11: A | E11: Initial version

Sheet Test Cases
B1: TEST CASE LIST
B3: Project Name | D3: =Cover!B4 -> Clawbot
B4: Project Code | D4: =Cover!B5 -> CLAWBOT
B5: Test Environment Setup Description | D5: 1. Frontend: React + Vite (localhost:15876) 2. API Backend: .NET 8 (localhost:15874) 3. AgentService gRPC (localhost:15875) 4. SQL Server 2022 (Docker :1433) 5. Redis 7 (Docker :6379) 6. Qdrant vector store (Docker :6333)
B8: No | C8: Test cases Name | D8: Sheet Name | E8: Description | F8: Pre-Condition
B9: 1 | C9: Login & Authentication | D9: Login & Authentication | E9: JWT authentication with refresh-token rotation, 2FA, session revocation, password reset and change-password flows | F9: API and database are reachable; a seeded tenant account exists
B10: 2 | C10: Omnichannel Inbox | D10: Omnichannel Inbox | E10: Channel connection, message ingestion via webhook and polling, deduplication, outbound replies, auto-reply with AI, pause/resume, draft approval, escalation and conversation search | F10: At least one channel is connected; RabbitMQ consumer is running
B11: 3 | C11: Knowledge Base | D11: Knowledge Base | E11: KB module management, version creation, content deploy to vector store, rollback, accuracy measurement and auto-approving AI suggestions when accuracy does not decrease | F11: Qdrant vector store is reachable; a configured LLM provider is active
B12: 4 | C12: Lead Management | D12: Lead Management | E12: Lead CRUD, pipeline stage transitions driven by score, manual stage override, scoring rule management, lead assignment and activity feed | F12: API is running; lead scoring rules are seeded via POST /api/lead-scoring-rules/seed-defaults
B13: 5 | C13: Content Pipeline | D13: Content Pipeline | E13: Brief management, AI content generation, review gate, human approval, scheduling and publishing lifecycle for social media posts | F13: A configured LLM provider is active; a deployed KB module exists for RAG context
B14: 6 | C14: Agent Orchestration | D14: Agent Orchestration | E14: Create and run orchestration sessions, pause for manual intervention, resume after approval, manage recurring schedules and verify agent tool grants | F14: AgentService gRPC is running; at least one agent definition is bound to an LLM provider

Sheet Test Statistics
B1: TEST STATISTICS
B3: Project Name | C3: Clawbot | E3: Creator | G3: <Creator>
B4: Project Code | C4: CLAWBOT | E4: Reviewer/Approver
B5: Document Code | C5: =C4&"_"&"Test Report"&"_"&"vx.x" -> CLAWBOT_Test Report_vx.x | E5: Issue Date | G5: 46244.708
B6: Notes | C6: Login & Auth, Omnichannel Inbox, Knowledge Base, Lead Management, Content Pipeline, Agent Orchestration
B10: No | C10: Module code | D10: Passed | E10: Failed | F10: Pending | G10: N/A | H10: Number of test cases
B11: 1 | C11: ='Login & Authentication'!B2 -> Login & Authentication | D11: ='Login & Authentication'!B8 -> 0 | E11: ='Login & Authentication'!C8 -> 0 | F11: ='Login & Authentication'!D8 -> 12 | G11: ='Login & Authentication'!E8 -> 0 | H11: ='Login & Authentication'!B4 -> 12
B12: 2 | C12: ='Omnichannel Inbox'!B2 -> Omnichannel Inbox | D12: ='Omnichannel Inbox'!B8 -> 0 | E12: ='Omnichannel Inbox'!C8 -> 0 | F12: ='Omnichannel Inbox'!D8 -> 20 | G12: ='Omnichannel Inbox'!E8 -> 0 | H12: ='Omnichannel Inbox'!B4 -> 20
B13: 3 | C13: ='Knowledge Base'!B2 -> Knowledge Base | D13: ='Knowledge Base'!B8 -> 0 | E13: ='Knowledge Base'!C8 -> 0 | F13: ='Knowledge Base'!D8 -> 8 | G13: ='Knowledge Base'!E8 -> 0 | H13: ='Knowledge Base'!B4 -> 8
B14: 4 | C14: ='Lead Management'!B2 -> Lead Management | D14: ='Lead Management'!B8 -> 0 | E14: ='Lead Management'!C8 -> 0 | F14: ='Lead Management'!D8 -> 9 | G14: ='Lead Management'!E8 -> 0 | H14: ='Lead Management'!B4 -> 9
B15: 5 | C15: ='Content Pipeline'!B2 -> Content Pipeline | D15: ='Content Pipeline'!B8 -> 0 | E15: ='Content Pipeline'!C8 -> 0 | F15: ='Content Pipeline'!D8 -> 8 | G15: ='Content Pipeline'!E8 -> 0 | H15: ='Content Pipeline'!B4 -> 8
B16: 6 | C16: ='Agent Orchestration'!B2 -> Agent Orchestration | D16: ='Agent Orchestration'!B8 -> 0 | E16: ='Agent Orchestration'!C8 -> 0 | F16: ='Agent Orchestration'!D8 -> 8 | G16: ='Agent Orchestration'!E8 -> 0 | H16: ='Agent Orchestration'!B4 -> 8
C17: Sub total | D17: =SUM(D11:D16) -> 0 | E17: =SUM(E11:E16) -> 0 | F17: =SUM(F11:F16) -> 65 | G17: =SUM(G11:G16) -> 0 | H17: =SUM(H11:H16) -> 65
C19: Test coverage | E19: =(D17+E17)*100/(H17-G17) -> 0 | F19: %
C20: Test successful coverage | E20: =D17*100/(H17-G17) -> 0 | F20: %

Sheet Login & Authentication
A2: Feature | B2: Login & Authentication | R2: Passed
A3: Test requirement | B3: JWT authentication with refresh-token rotation, 2FA, session revocation, password reset and change-password flows | R3: Failed
A4: Number of TCs | B4: =COUNTIF($A$12:$A$1000,"TC-*") -> 12 | R4: Pending
A5: Testing Round | B5: Passed | C5: Failed | D5: Pending | E5: N/A | R5: N/A
A6: Round 1 | B6: =COUNTIF($F10:$F987,B5) -> 12 | C6: =COUNTIF($F10:$F987,C5) -> 0 | D6: =COUNTIF($F10:$F987,D5) -> 0 | E6: =COUNTIF($F10:$F987,E5) -> 0
A7: Round 2 | B7: =COUNTIF($I10:$I998,B5) -> 11 | C7: =COUNTIF($I10:$I998,C5) -> 1 | D7: =COUNTIF($I10:$I998,D5) -> 0 | E7: =COUNTIF($I10:$I998,E5) -> 0
A8: Round 3 | B8: =COUNTIF($L10:$L998,B5) -> 0 | C8: =COUNTIF($L10:$L998,C5) -> 0 | D8: =COUNTIF($L10:$L998,D5) -> 12 | E8: =COUNTIF($L10:$L998,E5) -> 0
A10: Test Case ID | B10: Test Case Description | C10: Test Case Procedure | D10: Expected Results | E10: Pre-conditions | F10: Round 1 | G10: Test date | H10: Tester | I10: Round 2 | J10: Test date | K10: Tester | L10: Round 3 | M10: Test date | N10: Tester | O10: Note
A11: Login
A12: TC-LOG-001 | B12: Sign in with valid credentials | C12: 1. POST /auth/login with a valid email and password. 2. Check the response. | D12: HTTP 200; response body contains accessToken and refreshToken. | E12: The account is active and no lockout is in effect | F12: Passed | G12: 46244.708 | H12: QA1 | I12: Passed | J12: 46244.708 | K12: QA1 | L12: Pending
A13: TC-LOG-002 | B13: Reject sign-in with a wrong password | C13: 1. POST /auth/login with a valid email and an incorrect password. | D13: HTTP 401; no token is issued; generic error message returned. | E13: The account is active | F13: Passed | G13: 46244.708 | H13: QA1 | I13: Passed | J13: 46244.708 | K13: QA1 | L13: Pending
A14: TC-LOG-003 | B14: Lock the account after five consecutive wrong passwords | C14: 1. POST /auth/login with a wrong password five times. 2. Submit the correct password. | D14: HTTP 429 or 401 on the sixth attempt; the correct password is also rejected until lockout expires. | E14: Lockout threshold is configured to five attempts | F14: Passed | G14: 46244.708 | H14: QA1 | I14: Failed | J14: 46244.708 | K14: QA1 | L14: Pending | O14: Lockout window duration needs product-owner confirmation
A15: Refresh and logout
A16: TC-LOG-004 | B16: Refresh an access token using a valid refresh token | C16: 1. POST /auth/refresh with a valid refreshToken. 2. Check the response. | D16: HTTP 200; new accessToken and rotated refreshToken are returned. | E16: A signed-in session exists with a valid refresh token | F16: Passed | G16: 46244.708 | H16: QA2 | I16: Passed | J16: 46244.708 | K16: QA2 | L16: Pending
A17: TC-LOG-005 | B17: Replay a refresh token after rotation is rejected | C17: 1. POST /auth/refresh to rotate the token. 2. Replay the original refresh token. | D17: HTTP 401; the replayed token is rejected (rotation invalidates the previous token). | E17: A signed-in session exists | F17: Passed | G17: 46244.708 | H17: QA2 | I17: Passed | J17: 46244.708 | K17: QA2 | L17: Pending
A18: TC-LOG-006 | B18: Sign out revokes the refresh token | C18: 1. POST /auth/logout. 2. Attempt to use the previous refresh token. | D18: Logout returns HTTP 200; the revoked refresh token is rejected with HTTP 401. | E18: An active session exists | F18: Passed | G18: 46244.708 | H18: QA2 | I18: Passed | J18: 46244.708 | K18: QA2 | L18: Pending
A19: Two-factor authentication
A20: TC-LOG-007 | B20: Enable 2FA and verify the setup TOTP code | C20: 1. POST /auth/2fa/enable to get the TOTP secret. 2. POST /auth/2fa/verify with a valid TOTP code. | D20: 2FA is enabled on the account; subsequent logins require a TOTP step. | E20: Account does not have 2FA enabled | F20: Passed | G20: 46244.708 | H20: QA1 | I20: Passed | J20: 46244.708 | K20: QA1 | L20: Pending
A21: TC-LOG-008 | B21: Complete login with a valid TOTP code when 2FA is active | C21: 1. POST /auth/login to receive a partial token. 2. POST /auth/login/2fa with the current TOTP code. | D21: HTTP 200; full accessToken and refreshToken are returned. | E21: 2FA is enabled on the account | F21: Passed | G21: 46244.708 | H21: QA1 | I21: Passed | J21: 46244.708 | K21: QA1 | L21: Pending
A22: TC-LOG-009 | B22: Reject login with an incorrect TOTP code | C22: 1. POST /auth/login to receive a partial token. 2. POST /auth/login/2fa with an invalid TOTP code. | D22: HTTP 401; no full token is issued. | E22: 2FA is enabled on the account | F22: Passed | G22: 46244.708 | H22: QA1 | I22: Passed | J22: 46244.708 | K22: QA1 | L22: Pending
A23: Password management
A24: TC-LOG-010 | B24: Change password while signed in | C24: 1. POST /auth/change-password with the current and new passwords. 2. Sign out and sign back in with the new password. | D24: Password change returns HTTP 200; old password is no longer accepted. | E24: An active session exists | F24: Passed | G24: 46244.708 | H24: QA2 | I24: Passed | J24: 46244.708 | K24: QA2 | L24: Pending
A25: TC-LOG-011 | B25: Request a password reset email | C25: 1. POST /auth/reset/request with the account email. | D25: HTTP 200 is returned regardless of whether the email exists (no user enumeration). | E25: SMTP is configured in the test environment | F25: Passed | G25: 46244.708 | H25: QA2 | I25: Passed | J25: 46244.708 | K25: QA2 | L25: Pending
A26: TC-LOG-012 | B26: Confirm a password reset with a valid token | C26: 1. Extract the reset token from the email link. 2. POST /auth/reset/confirm with the token and new password. | D26: HTTP 200; the user can sign in with the new password; the reset token cannot be reused. | E26: A valid reset token was issued within the expiry window | F26: Passed | G26: 46244.708 | H26: QA2 | I26: Passed | J26: 46244.708 | K26: QA2 | L26: Pending

Sheet Omnichannel Inbox
A2: Feature | B2: Omnichannel Inbox | R2: Passed
A3: Test requirement | B3: Channel connection, message ingestion via webhook and polling, deduplication, outbound replies, auto-reply with AI, pause/resume, draft approval, escalation and conversation search | R3: Failed
A4: Number of TCs | B4: =COUNTIF($A$12:$A$1000,"TC-*") -> 20 | R4: Pending
A5: Testing Round | B5: Passed | C5: Failed | D5: Pending | E5: N/A | R5: N/A
A6: Round 1 | B6: =COUNTIF($F10:$F996,B5) -> 20 | C6: =COUNTIF($F10:$F996,C5) -> 0 | D6: =COUNTIF($F10:$F996,D5) -> 0 | E6: =COUNTIF($F10:$F996,E5) -> 0
A7: Round 2 | B7: =COUNTIF($I10:$I998,B5) -> 19 | C7: =COUNTIF($I10:$I998,C5) -> 1 | D7: =COUNTIF($I10:$I998,D5) -> 0 | E7: =COUNTIF($I10:$I998,E5) -> 0
A8: Round 3 | B8: =COUNTIF($L10:$L998,B5) -> 0 | C8: =COUNTIF($L10:$L998,C5) -> 0 | D8: =COUNTIF($L10:$L998,D5) -> 20 | E8: =COUNTIF($L10:$L998,E5) -> 0
A10: Test Case ID | B10: Test Case Description | C10: Test Case Procedure | D10: Expected Results | E10: Pre-conditions | F10: Round 1 | G10: Test date | H10: Tester | I10: Round 2 | J10: Test date | K10: Tester | L10: Round 3 | M10: Test date | N10: Tester | O10: Note
A11: Channel connection
A12: TC-INB-001 | B12: Connect a channel with a valid page token | C12: 1. POST /api/admin/inboxes with a valid page token. 2. Wait for the first sync to start. | D12: HTTP 201; channel is listed as connected; initial conversation sync begins. | E12: A valid page token is available | F12: Passed | G12: 46244.708 | H12: QA1 | I12: Passed | J12: 46244.708 | K12: QA1 | L12: Pending
A13: TC-INB-002 | B13: Reject a channel connection with an invalid token | C13: 1. POST /api/admin/inboxes with an invalid token. | D13: HTTP 422; no inbox row is persisted; error message is returned. | E13: None | F13: Passed | G13: 46244.708 | H13: QA1 | I13: Passed | J13: 46244.708 | K13: QA1 | L13: Pending
A14: TC-INB-003 | B14: Reconnect a channel after the token is revoked | C14: 1. Revoke the token at the provider. 2. PUT /api/admin/inboxes/{id} with a new token. | D14: Sync error is cleared; message ingestion resumes for new messages. | E14: The channel is currently connected | F14: Passed | G14: 46244.708 | H14: QA1 | I14: Passed | J14: 46244.708 | K14: QA1 | L14: Pending
A15: TC-INB-004 | B15: Conversations from different tenants remain isolated | C15: 1. Connect the same page under two tenants. 2. Send a message. | D15: The message appears only in the correct tenant inbox. | E15: Two active tenant accounts exist | F15: Passed | G15: 46244.708 | H15: QA2 | I15: Passed | J15: 46244.708 | K15: QA2 | L15: Pending
A16: Message ingestion
A17: TC-INB-005 | B17: Ingest an inbound message through the webhook | C17: 1. POST a valid signed webhook payload to the Pancake webhook endpoint. 2. GET /api/inbox/conversations/{id}. | D17: The message appears in the conversation within a few seconds. | E17: Webhook secret is configured; HMAC signature is valid | F17: Passed | G17: 46244.708 | H17: QA1 | I17: Passed | J17: 46244.708 | K17: QA1 | L17: Pending
A18: TC-INB-006 | B18: Reject a webhook payload with an invalid HMAC signature | C18: 1. POST a webhook payload with a tampered x-pancake-signature header. | D18: HTTP 401; the message is not stored. | E18: Webhook secret is configured | F18: Passed | G18: 46244.708 | H18: QA1 | I18: Passed | J18: 46244.708 | K18: QA1 | L18: Pending
A19: TC-INB-007 | B19: Ingest a message through polling when the webhook is unavailable | C19: 1. Disable the webhook. 2. Send a message from the channel. 3. Wait for the next polling cycle. | D19: The message is ingested by the polling worker and appears in the inbox. | E19: Polling is enabled and the channel token is valid | F19: Passed | G19: 46244.708 | H19: QA1 | I19: Passed | J19: 46244.708 | K19: QA1 | L19: Pending
A20: TC-INB-008 | B20: Deduplicate a message delivered by both webhook and polling | C20: 1. Enable both ingestion paths. 2. Send a single message from the channel. | D20: Exactly one message record is stored. | E20: Both ingestion paths are active | F20: Passed | G20: 46244.708 | H20: QA1 | I20: Passed | J20: 46244.708 | K20: QA1 | L20: Pending
A21: TC-INB-009 | B21: Keep the queue intact when the consumer restarts | C21: 1. Stop the RabbitMQ consumer. 2. Send two messages. 3. Start the consumer again. | D21: Both messages are processed after restart; none is lost. | E21: RabbitMQ persistence is enabled | F21: Passed | G21: 46244.708 | H21: QA2 | I21: Failed | J21: 46244.708 | K21: QA2 | L21: Pending | O21: One message stayed unacked until the next cycle; tracked in backlog
A22: Reply and auto-reply
A23: TC-INB-010 | B23: Send a manual outbound reply | C23: 1. POST /api/inbox/conversations/{id}/messages with a text body. | D23: HTTP 201; reply is delivered to the channel and shown as outbound. | E23: The conversation is open and assigned | F23: Passed | G23: 46244.708 | H23: QA1 | I23: Passed | J23: 46244.708 | K23: QA1 | L23: Pending
A24: TC-INB-011 | B24: Auto-reply answers a question covered by the knowledge base | C24: 1. Enable auto-reply via POST /api/inbox/conversations/{id}/ai. 2. Send an inbound message matching a KB topic. | D24: An accurate automatic reply is sent within the SLA window. | E24: Auto-reply is enabled; KB is deployed | F24: Passed | G24: 46244.708 | H24: QA1 | I24: Passed | J24: 46244.708 | K24: QA1 | L24: Pending
A25: TC-INB-012 | B25: A manual reply by an agent pauses auto-reply | C25: 1. Confirm auto-reply is enabled. 2. Send a manual reply as an agent. 3. Send a new inbound message immediately. | D25: Auto-reply does not respond during the configured pause window (default 5 min). | E25: Auto-reply is enabled | F25: Passed | G25: 46244.708 | H25: QA2 | I25: Passed | J25: 46244.708 | K25: QA2 | L25: Pending
A26: TC-INB-013 | B26: Auto-reply resumes automatically after the pause window elapses | C26: 1. Trigger a pause by sending a manual reply. 2. Advance the clock past the pause window. 3. Send a new inbound message. | D26: Auto-reply answers the new message without manual intervention. | E26: A pause was triggered; the sweep job is running | F26: Passed | G26: 46244.708 | H26: QA2 | I26: Passed | J26: 46244.708 | K26: QA2 | L26: Pending
A27: TC-INB-014 | B27: Escalate a conversation disables auto-reply permanently | C27: 1. POST /api/inbox/conversations/{id}/escalate. | D27: Auto-reply is disabled and resume_at is null; conversation is flagged as escalated. | E27: Auto-reply is enabled | F27: Passed | G27: 46244.708 | H27: QA2 | I27: Passed | J27: 46244.708 | K27: QA2 | L27: Pending
A28: Draft approval
A29: TC-INB-015 | B29: Approve an AI draft and confirm it is sent | C29: 1. POST /api/inbox/conversations/{id}/drafts/{messageId}/approve. | D29: HTTP 200; draft is sent to the channel; status changes to delivered. | E29: A pending AI draft exists | F29: Passed | G29: 46244.708 | H29: QA1 | I29: Passed | J29: 46244.708 | K29: QA1 | L29: Pending
A30: TC-INB-016 | B30: Reject an AI draft so it is not sent | C30: 1. POST /api/inbox/conversations/{id}/drafts/{messageId}/reject. | D30: HTTP 200; draft is discarded; no outbound message is delivered. | E30: A pending AI draft exists | F30: Passed | G30: 46244.708 | H30: QA1 | I30: Passed | J30: 46244.708 | K30: QA1 | L30: Pending
A31: Conversation management
A32: TC-INB-017 | B32: Assign a conversation to a different agent | C32: 1. POST /api/inbox/conversations/{id}/assign with a target agentId. | D32: HTTP 200; the new agent sees the conversation in their queue. | E32: A second agent account exists | F32: Passed | G32: 46244.708 | H32: QA2 | I32: Passed | J32: 46244.708 | K32: QA2 | L32: Pending
A33: TC-INB-018 | B33: Resolve a conversation | C33: 1. POST /api/inbox/conversations/{id}/resolve. | D33: HTTP 200; status changes to resolved; removed from the open queue. | E33: The conversation is open | F33: Passed | G33: 46244.708 | H33: QA2 | I33: Passed | J33: 46244.708 | K33: QA2 | L33: Pending
A34: TC-INB-019 | B34: Search conversations by keyword | C34: 1. GET /api/inbox/search?q={keyword}. | D34: Only conversations whose messages contain the keyword are returned. | E34: Several conversations with varied message content exist | F34: Passed | G34: 46244.708 | H34: QA1 | I34: Passed | J34: 46244.708 | K34: QA1 | L34: Pending
A35: TC-INB-020 | B35: Export conversation history to CSV | C35: 1. GET /api/inbox/conversations/{id}/export.csv. | D35: HTTP 200 with Content-Type text/csv; file contains all messages in order. | E35: The conversation has at least one message | F35: Passed | G35: 46244.708 | H35: QA1 | I35: Passed | J35: 46244.708 | K35: QA1 | L35: Pending

Sheet Knowledge Base
A2: Feature | B2: Knowledge Base | R2: Passed
A3: Test requirement | B3: KB module management, version creation, content deploy to vector store, rollback, accuracy measurement and auto-approving AI suggestions when accuracy does not decrease | R3: Failed
A4: Number of TCs | B4: =COUNTIF($A$12:$A$1000,"TC-*") -> 8 | R4: Pending
A5: Testing Round | B5: Passed | C5: Failed | D5: Pending | E5: N/A | R5: N/A
A6: Round 1 | B6: =COUNTIF($F10:$F982,B5) -> 8 | C6: =COUNTIF($F10:$F982,C5) -> 0 | D6: =COUNTIF($F10:$F982,D5) -> 0 | E6: =COUNTIF($F10:$F982,E5) -> 0
A7: Round 2 | B7: =COUNTIF($I10:$I998,B5) -> 8 | C7: =COUNTIF($I10:$I998,C5) -> 0 | D7: =COUNTIF($I10:$I998,D5) -> 0 | E7: =COUNTIF($I10:$I998,E5) -> 0
A8: Round 3 | B8: =COUNTIF($L10:$L998,B5) -> 0 | C8: =COUNTIF($L10:$L998,C5) -> 0 | D8: =COUNTIF($L10:$L998,D5) -> 8 | E8: =COUNTIF($L10:$L998,E5) -> 0
A10: Test Case ID | B10: Test Case Description | C10: Test Case Procedure | D10: Expected Results | E10: Pre-conditions | F10: Round 1 | G10: Test date | H10: Tester | I10: Round 2 | J10: Test date | K10: Tester | L10: Round 3 | M10: Test date | N10: Tester | O10: Note
A11: Module management
A12: TC-KB-001 | B12: Create a knowledge base module | C12: 1. POST /api/kb/modules with a name and description. | D12: HTTP 201; module is created with status draft. | E12: User holds kb:write permission | F12: Passed | G12: 46244.708 | H12: QA2 | I12: Passed | J12: 46244.708 | K12: QA2 | L12: Pending
A13: TC-KB-002 | B13: Archive a module removes it from retrieval | C13: 1. POST /api/kb/modules/{id}/archive. 2. Ask a question that was answered by that module. | D13: The archived module is excluded from all retrieval results. | E13: Module is deployed and active | F13: Passed | G13: 46244.708 | H13: QA2 | I13: Passed | J13: 46244.708 | K13: QA2 | L13: Pending
A14: Version and deployment
A15: TC-KB-003 | B15: Create a new version with Markdown content | C15: 1. POST /api/kb/modules/{id}/versions with contentMd. | D15: HTTP 201; version is created in draft state; chunk count is zero until deployed. | E15: Module exists | F15: Passed | G15: 46244.708 | H15: QA2 | I15: Passed | J15: 46244.708 | K15: QA2 | L15: Pending
A16: TC-KB-004 | B16: Deploy a version embeds chunks into the vector store | C16: 1. POST /api/kb/modules/{id}/versions/{versionId}/deploy. 2. Wait for the deploy job to finish. | D16: Chunk count is greater than zero; module status changes to deployed. | E16: A draft version with content exists; Qdrant is reachable | F16: Passed | G16: 46244.708 | H16: QA2 | I16: Passed | J16: 46244.708 | K16: QA2 | L16: Pending
A17: TC-KB-005 | B17: Rollback to the previous deployed version | C17: 1. Deploy version 2. 2. POST /api/kb/modules/{id}/versions/{v1id}/rollback. | D17: Version 1 becomes active; retrieval uses version 1 chunks. | E17: At least two deployed versions exist | F17: Passed | G17: 46244.708 | H17: QA2 | I17: Passed | J17: 46244.708 | K17: QA2 | L17: Pending
A18: Accuracy and suggestions
A19: TC-KB-006 | B19: Run the accuracy test suite on a deployed version | C19: 1. POST /api/kb/modules/{id}/versions/{versionId}/test. | D19: Each test case is evaluated; an overall accuracy score is returned. | E19: Test cases exist; the version is deployed | F19: Passed | G19: 46244.708 | H19: QA2 | I19: Passed | J19: 46244.708 | K19: QA2 | L19: Pending
A20: TC-KB-007 | B20: Auto-approve a KB suggestion when accuracy does not decrease | C20: 1. Create a suggestion with verdict=approve and accuracy_after >= accuracy_before. 2. Trigger the auto-approve job. | D20: Suggestion is automatically approved and applied without human action. | E20: Auto-approve rail is enabled; suggestion status is pending | F20: Passed | G20: 46244.708 | H20: QA2 | I20: Passed | J20: 46244.708 | K20: QA2 | L20: Pending
A21: TC-KB-008 | B21: Hold a KB suggestion for human review when accuracy decreases | C21: 1. Create a suggestion with verdict=approve and accuracy_after < accuracy_before. 2. Trigger the auto-approve job. | D21: Suggestion is NOT auto-approved; stays in pending state waiting for human decision. | E21: Auto-approve rail is enabled; suggestion status is pending | F21: Passed | G21: 46244.708 | H21: QA2 | I21: Passed | J21: 46244.708 | K21: QA2 | L21: Pending

Sheet Lead Management
A2: Feature | B2: Lead Management | R2: Passed
A3: Test requirement | B3: Lead CRUD, pipeline stage transitions driven by score, manual stage override, scoring rule management, lead assignment and activity feed | R3: Failed
A4: Number of TCs | B4: =COUNTIF($A$12:$A$1000,"TC-*") -> 9 | R4: Pending
A5: Testing Round | B5: Passed | C5: Failed | D5: Pending | E5: N/A | R5: N/A
A6: Round 1 | B6: =COUNTIF($F10:$F983,B5) -> 9 | C6: =COUNTIF($F10:$F983,C5) -> 0 | D6: =COUNTIF($F10:$F983,D5) -> 0 | E6: =COUNTIF($F10:$F983,E5) -> 0
A7: Round 2 | B7: =COUNTIF($I10:$I998,B5) -> 9 | C7: =COUNTIF($I10:$I998,C5) -> 0 | D7: =COUNTIF($I10:$I998,D5) -> 0 | E7: =COUNTIF($I10:$I998,E5) -> 0
A8: Round 3 | B8: =COUNTIF($L10:$L998,B5) -> 0 | C8: =COUNTIF($L10:$L998,C5) -> 0 | D8: =COUNTIF($L10:$L998,D5) -> 9 | E8: =COUNTIF($L10:$L998,E5) -> 0
A10: Test Case ID | B10: Test Case Description | C10: Test Case Procedure | D10: Expected Results | E10: Pre-conditions | F10: Round 1 | G10: Test date | H10: Tester | I10: Round 2 | J10: Test date | K10: Tester | L10: Round 3 | M10: Test date | N10: Tester | O10: Note
A11: Lead CRUD
A12: TC-LM-001 | B12: Create a lead from a contact | C12: 1. POST /api/leads with contactId, source and assignedTo. | D12: HTTP 201; lead is created with stage=cold; initial score is 0. | E12: A contact exists; user holds leads:write permission | F12: Passed | G12: 46244.708 | H12: QA1 | I12: Passed | J12: 46244.708 | K12: QA1 | L12: Pending
A13: TC-LM-002 | B13: List leads with pagination and stage filter | C13: 1. GET /api/leads?stage=warm&page=1&pageSize=20. | D13: HTTP 200; only leads with stage=warm are returned; pagination metadata is present. | E13: Multiple leads exist across different stages | F13: Passed | G13: 46244.708 | H13: QA1 | I13: Passed | J13: 46244.708 | K13: QA1 | L13: Pending
A14: TC-LM-003 | B14: Assign a lead to another sales agent | C14: 1. POST /api/leads/{id}/assign with the target agentId. | D14: HTTP 200; assignedTo is updated; the new agent sees the lead in their queue. | E14: A second agent account exists | F14: Passed | G14: 46244.708 | H14: QA1 | I14: Passed | J14: 46244.708 | K14: QA1 | L14: Pending
A15: Lead scoring and stage
A16: TC-LM-004 | B16: Score increases when a purchase_intent activity is recorded | C16: 1. POST /api/leads/{id}/activities with eventCode=purchase_intent. | D16: Lead score increases by the purchase_intent delta (default +20); stage may advance to hot. | E16: Lead scoring rules are seeded; lead is cold | F16: Passed | G16: 46244.708 | H16: QA2 | I16: Passed | J16: 46244.708 | K16: QA2 | L16: Pending
A17: TC-LM-005 | B17: Pipeline stage advances automatically when the score threshold is crossed | C17: 1. Record activities until the score reaches 70. 2. GET /api/leads/{id}. | D17: stage=hot (score >= 70); previous warm stage is no longer shown. | E17: Lead scoring rules give enough delta per event | F17: Passed | G17: 46244.708 | H17: QA2 | I17: Passed | J17: 46244.708 | K17: QA2 | L17: Pending
A18: TC-LM-006 | B18: Re-score a lead using the latest rules | C18: 1. POST /api/leads/{id}/rescore. | D18: HTTP 200; score is recalculated using the current rule set; stage is updated accordingly. | E18: Lead scoring rules have been modified since the lead was created | F18: Passed | G18: 46244.708 | H18: QA2 | I18: Passed | J18: 46244.708 | K18: QA2 | L18: Pending
A19: TC-LM-007 | B19: A lost lead is reactivated when new inbound activity arrives | C19: 1. Mark the lead as lost. 2. POST /api/leads/{id}/activities with any inbound event. | D19: Lead status changes from lost to active; LastActivityAt is updated. | E19: A lost lead exists | F19: Passed | G19: 46244.708 | H19: QA2 | I19: Passed | J19: 46244.708 | K19: QA2 | L19: Pending
A20: Scoring rule management
A21: TC-LM-008 | B21: Seed default scoring rules for a tenant | C21: 1. POST /api/lead-scoring-rules/seed-defaults. | D21: HTTP 200; default rules are created (asked_price, purchase_intent, fast_reply etc.); each has the correct default delta. | E21: No rules exist for the tenant yet | F21: Passed | G21: 46244.708 | H21: QA1 | I21: Passed | J21: 46244.708 | K21: QA1 | L21: Pending
A22: TC-LM-009 | B22: Create a platform-specific rule that overrides the platform-null rule | C22: 1. POST /api/lead-scoring-rules with eventCode=asked_price and platform=facebook and delta=15. 2. Record asked_price on a facebook conversation. | D22: The facebook-specific rule (delta=15) is used instead of the platform-null rule (delta=9). | E22: A platform-null asked_price rule already exists | F22: Passed | G22: 46244.708 | H22: QA1 | I22: Passed | J22: 46244.708 | K22: QA1 | L22: Pending

Sheet Content Pipeline
A2: Feature | B2: Content Pipeline | R2: Passed
A3: Test requirement | B3: Brief management, AI content generation, review gate, human approval, scheduling and publishing lifecycle for social media posts | R3: Failed
A4: Number of TCs | B4: =COUNTIF($A$12:$A$1000,"TC-*") -> 8 | R4: Pending
A5: Testing Round | B5: Passed | C5: Failed | D5: Pending | E5: N/A | R5: N/A
A6: Round 1 | B6: =COUNTIF($F10:$F982,B5) -> 8 | C6: =COUNTIF($F10:$F982,C5) -> 0 | D6: =COUNTIF($F10:$F982,D5) -> 0 | E6: =COUNTIF($F10:$F982,E5) -> 0
A7: Round 2 | B7: =COUNTIF($I10:$I998,B5) -> 8 | C7: =COUNTIF($I10:$I998,C5) -> 0 | D7: =COUNTIF($I10:$I998,D5) -> 0 | E7: =COUNTIF($I10:$I998,E5) -> 0
A8: Round 3 | B8: =COUNTIF($L10:$L998,B5) -> 0 | C8: =COUNTIF($L10:$L998,C5) -> 0 | D8: =COUNTIF($L10:$L998,D5) -> 8 | E8: =COUNTIF($L10:$L998,E5) -> 0
A10: Test Case ID | B10: Test Case Description | C10: Test Case Procedure | D10: Expected Results | E10: Pre-conditions | F10: Round 1 | G10: Test date | H10: Tester | I10: Round 2 | J10: Test date | K10: Tester | L10: Round 3 | M10: Test date | N10: Tester | O10: Note
A11: Brief and generation
A12: TC-CP-001 | B12: Create a content brief | C12: 1. POST /api/content/briefs with platform, topic and target audience. | D12: HTTP 201; brief is created in draft state. | E12: User holds content:write permission | F12: Passed | G12: 46244.708 | H12: QA1 | I12: Passed | J12: 46244.708 | K12: QA1 | L12: Pending
A13: TC-CP-002 | B13: Generate a content item from a brief | C13: 1. POST /api/content/items/generate with briefId. | D13: HTTP 202; a background job is queued; polling shows the item transitions to draft with a non-empty body. | E13: A brief exists; LLM provider is configured | F13: Passed | G13: 46244.708 | H13: QA1 | I13: Passed | J13: 46244.708 | K13: QA1 | L13: Pending
A14: TC-CP-003 | B14: Generation is blocked when the body contains an absolute guarantee phrase | C14: 1. Configure the LLM stub to return a body that contains an absolute-guarantee phrase. 2. Trigger generation. | D14: The content lint step fails; item status becomes needs_human with ErrorCode=lint_absolute_guarantee. | E14: ContentLint is enabled; LLM stub is available | F14: Passed | G14: 46244.708 | H14: QA2 | I14: Passed | J14: 46244.708 | K14: QA2 | L14: Pending
A15: Review and approval
A16: TC-CP-004 | B16: Agent review passes and item moves to approved | C16: 1. Wait for the AI reviewer agent to process the draft item. | D16: AgentReviewStatus=passed; item is eligible for human approval or auto-publish depending on policy. | E16: A reviewer agent is configured and bound to an LLM | F16: Passed | G16: 46244.708 | H16: QA1 | I16: Passed | J16: 46244.708 | K16: QA1 | L16: Pending
A17: TC-CP-005 | B17: Human approves an item that requires human review | C17: 1. POST /api/content/items/{id}/approve. | D17: HTTP 200; item status=approved; ApprovedAt and ApprovedBy are set. | E17: Item is in needs_human state with agent review passed | F17: Passed | G17: 46244.708 | H17: QA1 | I17: Passed | J17: 46244.708 | K17: QA1 | L17: Pending
A18: TC-CP-006 | B18: Human rejects an item with a reason | C18: 1. POST /api/content/items/{id}/reject with a reason string. | D18: HTTP 200; item status=rejected; RejectedReason is stored. | E18: Item is in draft or needs_human state | F18: Passed | G18: 46244.708 | H18: QA1 | I18: Passed | J18: 46244.708 | K18: QA1 | L18: Pending
A19: Scheduling and publishing
A20: TC-CP-007 | B20: Schedule an approved item for a future golden-hour slot | C20: 1. POST /api/content/items/{id}/schedule with a future publishAt timestamp. | D20: HTTP 200; item status=scheduled; publishAt is stored. | E20: Item is approved | F20: Passed | G20: 46244.708 | H20: QA2 | I20: Passed | J20: 46244.708 | K20: QA2 | L20: Pending
A21: TC-CP-008 | B21: Repurpose a published item for a different platform | C21: 1. POST /api/content/items/{id}/repurpose with targetPlatform. | D21: HTTP 202; a new draft item is created for the target platform; the original item is unchanged. | E21: The item has been published; a brief exists for the target platform | F21: Passed | G21: 46244.708 | H21: QA2 | I21: Passed | J21: 46244.708 | K21: QA2 | L21: Pending

Sheet Agent Orchestration
A2: Feature | B2: Agent Orchestration | R2: Passed
A3: Test requirement | B3: Create and run orchestration sessions, pause for manual intervention, resume after approval, manage recurring schedules and verify agent tool grants | R3: Failed
A4: Number of TCs | B4: =COUNTIF($A$12:$A$1000,"TC-*") -> 8 | R4: Pending
A5: Testing Round | B5: Passed | C5: Failed | D5: Pending | E5: N/A | R5: N/A
A6: Round 1 | B6: =COUNTIF($F10:$F982,B5) -> 8 | C6: =COUNTIF($F10:$F982,C5) -> 0 | D6: =COUNTIF($F10:$F982,D5) -> 0 | E6: =COUNTIF($F10:$F982,E5) -> 0
A7: Round 2 | B7: =COUNTIF($I10:$I998,B5) -> 8 | C7: =COUNTIF($I10:$I998,C5) -> 0 | D7: =COUNTIF($I10:$I998,D5) -> 0 | E7: =COUNTIF($I10:$I998,E5) -> 0
A8: Round 3 | B8: =COUNTIF($L10:$L998,B5) -> 0 | C8: =COUNTIF($L10:$L998,C5) -> 0 | D8: =COUNTIF($L10:$L998,D5) -> 8 | E8: =COUNTIF($L10:$L998,E5) -> 0
A10: Test Case ID | B10: Test Case Description | C10: Test Case Procedure | D10: Expected Results | E10: Pre-conditions | F10: Round 1 | G10: Test date | H10: Tester | I10: Round 2 | J10: Test date | K10: Tester | L10: Round 3 | M10: Test date | N10: Tester | O10: Note
A11: Session lifecycle
A12: TC-ORC-001 | B12: Create and start an orchestration run | C12: 1. POST /api/orchestration/runs with a planId. 2. Poll GET /api/orchestration/runs/{id} until status=running. | D12: Run transitions from queued to running; agent tasks begin executing. | E12: A plan exists; agents are bound to LLM providers | F12: Passed | G12: 46244.708 | H12: QA2 | I12: Passed | J12: 46244.708 | K12: QA2 | L12: Pending
A13: TC-ORC-002 | B13: Pause a running session for manual intervention | C13: 1. POST /api/orchestration/runs/{id}/pause. | D13: HTTP 200; run status=paused; no new tasks are started. | E13: A run is in running status | F13: Passed | G13: 46244.708 | H13: QA2 | I13: Passed | J13: 46244.708 | K13: QA2 | L13: Pending
A14: TC-ORC-003 | B14: Intervene by editing a task output then resume the run | C14: 1. POST /api/orchestration/runs/{id}/intervene with an edited taskId and new output. 2. POST /api/orchestration/runs/{id}/resume. | D14: HTTP 200; the run resumes with the edited output; downstream tasks use the corrected data. | E14: Run is paused | F14: Passed | G14: 46244.708 | H14: QA2 | I14: Passed | J14: 46244.708 | K14: QA2 | L14: Pending
A15: TC-ORC-004 | B15: Cancel a running session | C15: 1. POST /api/orchestration/runs/{id}/cancel. | D15: HTTP 200; run status=cancelled; all pending tasks are marked skipped. | E15: A run is in running or paused status | F15: Passed | G15: 46244.708 | H15: QA2 | I15: Passed | J15: 46244.708 | K15: QA2 | L15: Pending
A16: Schedules
A17: TC-ORC-005 | B17: Create a recurring weekly schedule | C17: 1. POST /api/orchestration/schedules with cadence=weekly and a valid timezone. | D17: HTTP 201; schedule is created; nextRunAt is set to the correct window in the given timezone. | E17: A plan exists | F17: Passed | G17: 46244.708 | H17: QA1 | I17: Passed | J17: 46244.708 | K17: QA1 | L17: Pending
A18: TC-ORC-006 | B18: Pause and reactivate a schedule | C18: 1. POST /api/orchestration/schedules/{id}/pause. 2. POST /api/orchestration/schedules/{id}/activate. | D18: Pause: status=paused, no new runs are triggered. Activate: status=active, nextRunAt is recalculated. | E18: An active schedule exists | F18: Passed | G18: 46244.708 | H18: QA1 | I18: Passed | J18: 46244.708 | K18: QA1 | L18: Pending
A19: Agent tool grants
A20: TC-ORC-007 | B20: An agent without tool grants cannot call restricted tools | C20: 1. Create an agent definition with no tool grants. 2. Start a run that requires a restricted tool. | D20: The tool call is blocked; the agent task fails with a permission error; the run does not crash. | E20: A restricted tool exists in the tool registry | F20: Passed | G20: 46244.708 | H20: QA2 | I20: Passed | J20: 46244.708 | K20: QA2 | L20: Pending
A21: TC-ORC-008 | B21: Grant a tool to an agent and confirm the tool call succeeds | C21: 1. POST /api/orchestration/agents/{id}/grants with the tool name. 2. Restart the run. | D21: The tool call succeeds; the run completes the task. | E21: TC-ORC-007 has been completed | F21: Passed | G21: 46244.708 | H21: QA2 | I21: Passed | J21: 46244.708 | K21: QA2 | L21: Pending
