Workbook
Name ACTION: #REF!

Sheet Guideline
A1: Guideline to make and understand Unit Test Case
A3: 1. Overview
A4: - In the template, Unit test cases are based on functions. Each sheet presents test cases for one function.
A5: - Cover: General information of the project and Unit Test cases
A6: - FunctionList: The list of Classes and Functions in the document. + To control that the number of Unit TC meets customer's requirement or the norm, user should fill value for 'Normal number of Test cases/KLOC'.
A7: + Click on Function link to open the related Test cases of the function. Note: You should create new Function sheet before creating the link
A8: - Test Report: provive the overview results of Functions Unit test: Test coverage, Test successful coverage (Summary, for normal/abnormal/boundary cases)
A9: Note: Should check the formula of "Sub Total" if you add more functions
A11: 2. Content in Test function sheet
A12: 2.1 Combination of test cases.
A13: - To verify that number of Unit TC meets customer's requirement or not. User has to fill number LOC of tested function and fill value of 'Normal number test cases/KLOC' item in FunctionList sheet, which is required by customer or normal value. The number of lacked TC is shown in 'Lack of test cases' item.
A14: - If the number of Unit TC does not meet the requirement, creator should explain the reasons.
... A46: - Test requirement: Brief description about requirements which are tested in this function, it is not mandatory.

Sheet Cover
B2: UNIT TEST DOCUMENT
A4: Project Name | B4: Clawbot | E4: Creator | F4: <Creator>
A5: Project Code | B5: CLAWBOT | E5: Issue Date | F5: 46244.708
A6: Document Code | B6: =B5&"_"&"XXX"&"_"&"vx.x" -> CLAWBOT_XXX_vx.x | E6: Version | F6: v1.0
A9: Record of change
A10: Effective Date | B10: Version | C10: Change Item | D10: *A,D,M | E10: Change description | F10: Reference
A11: 46244.708 | B11: v1.0 | C11: Unit Test Report | D11: A | E11: Initial version

Sheet MethodList
C2: Method List
A4: Project Name | C4: =Cover!B4 -> Clawbot
A5: Project Code | C5: =Cover!B5 -> CLAWBOT
A6: Test Environment Setup Description | C6: <List enviroment requires in this system 1. Server 2. Database 3. Web Browser ... >
A8: No | B8: Module Name | C8: Method Name | D8: Sheet Name | E8: Description | F8: Pre-Condition
A9: 1 | B9: ModuleName1 | C9: methodName1 | D9: methodName1

Sheet Statistics
A2: UNIT TEST REPORT
A4: Project Name | B4: =Cover!B4 -> Clawbot | D4: Creator | F4: <Creator>
A5: Project Code | B5: =Cover!B5 -> CLAWBOT | D5: Reviewer/Approver | F5: <Reviewer/Approver>
A6: Document Code | B6: =B5&"_"&"Test Report"&"_"&"vx.x" -> CLAWBOT_Test Report_vx.x | D6: Issue Date | F6: 46244.708
A7: Notes | B7: <List of modules included in this release>
A11: No | B11: Function code | C11: Passed | D11: Failed | E11: Untested | F11: N | G11: A | H11: B | I11: Total Test Cases
A12: 1 | B12: methodName1 | C12: =methodName1!A5 -> 2 | D12: =methodName1!C5 -> 0 | E12: =methodName1!F5 -> 0 | F12: =methodName1!L5 -> 1 | G12: =methodName1!M5 -> 1 | H12: =methodName1!N5 -> 0 | I12: =methodName1!O5 -> 2
B15: Sub total | C15: =SUM(C12:C12) -> 2 | D15: =SUM(D12:D12) -> 0 | E15: =SUM(E12:E12) -> 0 | F15: =SUM(F12:F12) -> 1 | G15: =SUM(G12:G12) -> 1 | H15: =SUM(H12:H12) -> 0 | I15: =SUM(I12:I12) -> 2
B17: Test coverage | D17: =(C15+D15)*100/(I15) -> 100 | E17: %
B18: Test successful coverage | D18: =C15*100/(I15) -> 100 | E18: %
B19: Normal case | D19: =F15*100/I15 -> 50 | E19: %
B20: Abnormal case | D20: =G15*100/I15 -> 50 | E20: %
B21: Boundary case | D21: =H15*100/I15 -> 0 | E21: %

Sheet methodName1
A1: Code Module | C1: ModuleName1 | F1: Method | L1: methodName1
A2: Created By | C2: <Developer Name> | F2: Executed By
A3: Test requirement | C3: <Brief description about requirements which are tested in this function>
A4: Passed | C4: Failed | F4: Untested | L4: N/A/B | O4: Total Test Cases
A5: =COUNTIF(F38:HQ38,"P") -> 2 | C5: =COUNTIF(F38:HQ38,"F") -> 0 | F5: =SUM(O5,- A5,- C5) -> 0 | L5: =COUNTIF(E37:HQ37,"N") -> 1 | M5: =COUNTIF(E37:HQ37,"A") -> 1 | N5: =COUNTIF(E37:HQ37,"B") -> 0 | O5: =COUNTA(E7:HT7) -> 2
F7: UTCID01 | G7: UTCID02
A8: Condition | B8: Precondition
D9: Can connect with server
B12: Date
D13: 29 | F13: O | G13: O
D14: 30
D15: 31
B16: Month
D17: 2 | F17: O
D18: 3 | G18: O
D19: 4
B20: Year
D21: 2000 | F21: O
D22: 2009 | G22: O
A29: Confirm | B29: Return
D30: T | F30: O | G30: O
D31: F
B32: Exception
B34: Log message
D35: "success"
D36: "input1 is null"
A37: Result | B37: Type(N : Normal, A : Abnormal, B : Boundary) | F37: A | G37: N
B38: Passed/Failed | F38: P | G38: P
B39: Executed Date | F39: 39138.708 | G39: 39138.708
B40: Defect ID
